channel_id,channel_icon
UChi5MyXJLQuPni3dM19Ar3g,https://yt3.ggpht.com/ytc/AKedOLRujsZ41kQDNZVkiyq9A008tiZtNcbs6PUq42XmHw=s88-c-k-c0x00ffffff-no-rj,
UCFKDEp9si4RmHFWJW1vYsMA,https://yt3.ggpht.com/ytc/AKedOLR5GmjkDFqJc7OR0KLSUMaRO9uSglHog1f2rJjL=s88-c-k-c0x00ffffff-no-rj,
UCu17Sme-KE87ca9OTzP0p7g,https://yt3.ggpht.com/ytc/AKedOLTwmIUJJ7rubQM5SRkpzppJkfBaftX4YenvpJmI2g=s88-c-k-c0x00ffffff-no-rj,
UClu2e7S8atp6tG2galK9hgg,https://yt3.ggpht.com/ytc/AKedOLQS_kfkNT9Sq16v8aFJhEDE65vjCYNy9s0DjT5zGg=s88-c-k-c0x00ffffff-no-rj,
UC9lJXqw4QZw-HWaZH6sN-xw,https://yt3.ggpht.com/iT0tm3p2uzfBHKOtytn2fP_Xx237QCnggqNVR4FRYv5-GXU0lgk9gfufiTVFmp5WIVamTG4g=s88-c-k-c0x00ffffff-no-rj,
UC4O9HKe9Jt5yAhKuNv3LXpQ,https://yt3.ggpht.com/ytc/AKedOLSrl6fyVjFOR8PmQ74579KoEMOUOWvUE6Y1Oqqm=s88-c-k-c0x00ffffff-no-rj,
UCuQYHhF6on6EXXO-_i_ClHQ,https://yt3.ggpht.com/ytc/AMLnZu-Uqtodx03WkEOQAl9TFEQnpQSLF10r01lVjUvxEg=s88-c-k-c0x00ffffff-no-rj,
UCodkNmk9oWRTIYZdr_HuSlg,https://yt3.ggpht.com/ytc/AKedOLR2uOpFcN-OV3MFZkm5HtBn7wDha-O7URtBaj1uSQ=s88-c-k-c0x00ffffff-no-rj,
UCR9Gcq0CMm6YgTzsDxAxjOQ,https://yt3.ggpht.com/ytc/AKedOLQmhc8bPvOYjv_yPVx0uM9sYt7ei723JzMnzuGJDg=s88-c-k-c0x00ffffff-no-rj,
UCrEtZMErQXaSYy_JDGoU5Qw,https://yt3.ggpht.com/3cSmy7kKuJz4c_jyzgRITcFUTkHt6L8IMIkduuaa1KKrdCqX_OQIGe7VneRF3k-OoBNMhYqRpw=s88-c-k-c0x00ffffff-no-rj,
UCuMJPFqazQI4SofSFEd-5zA,https://yt3.ggpht.com/ytc/AKedOLQJ0OPG6KwNGnduK2oQkmQUHXuE5yh9T49pbGlq6w=s88-c-k-c0x00ffffff-no-rj,
UCZ9x-z3iOnIbJxVpm1rsu2A,https://yt3.ggpht.com/ytc/AKedOLTPoLElpES69NLFhmvjwvCwp1Gwi8Z8G8AgezNODg=s88-c-k-c0x00ffffff-no-rj,
UCtWObtiLCNI_BTBHwEOZNqg,https://yt3.ggpht.com/ytc/AMLnZu9EpPHOtiZrgSgHYQiXT10FiynSMcd0tb4WrOFP=s88-c-k-c0x00ffffff-no-rj,
UCcJgOennb0II4a_qi9OMkRA,https://yt3.ggpht.com/ytc/AKedOLTccJlrZjf-XHZ348Bc56RYh0YuCLEAYfkap1X0TA=s88-c-k-c0x00ffffff-no-rj,
UChFur_NwVSbUozOcF_F2kMg,https://yt3.ggpht.com/ytc/AMLnZu8fQCLrriIpe6yuZEUEAEBTShdASSdUgnNaky3Qcw=s88-c-k-c0x00ffffff-no-rj,
UCDpdtiUfcdUCzokpRWORRqA,https://yt3.ggpht.com/ytc/AMLnZu9BgZKkJL0Q1h__DT1wgXe1g0erSi7ntfMCq6x4cQ=s88-c-k-c0x00ffffff-no-rj,
UC24lkOxZYna9nlXYBcJ9B8Q,https://yt3.ggpht.com/ytc/AKedOLSmxkWcGYSq_9NB7LgUtbmB6k2_U7R1jmXGrtKxlQ=s88-c-k-c0x00ffffff-no-rj,
UC4YUKOBld2PoOLzk0YZ80lw,https://yt3.ggpht.com/ytc/AMLnZu-NRUuQr_olgERFz8fK2c9tDf9bx1nBzcrS2MBbTA=s88-c-k-c0x00ffffff-no-rj,
UCRatys97ggrXVtQQBGRALkg,https://yt3.ggpht.com/ytc/AKedOLSeTEttZd3NfUXAw6IeLWthZ_hl0FYfLSvQBr2R=s88-c-k-c0x00ffffff-no-rj,
UCKEJZ-dqIA03evnzEy1_owg,https://yt3.ggpht.com/ytc/AMLnZu8-1KqzM8ZqM1ReZMnYKe2HhmF1JagrX-S0iwS_ww=s88-c-k-c0x00ffffff-no-rj,
UC_MkjhQr_D_lGlO3uu-GxyA,https://yt3.ggpht.com/ytc/AKedOLRUcGvN9vDXonkT5sGDoqMOD5lmyXi7TaIxEt3DbA=s88-c-k-c0x00ffffff-no-rj,
UCU9pX8hKcrx06XfOB-VQLdw,https://yt3.ggpht.com/ytc/AKedOLRET0NORYzaAenx_UNnyRyDTX4Wx64dEumDJ5lErQ=s88-c-k-c0x00ffffff-no-rj,
UCPK5G4jeoVEbUp5crKJl6CQ,https://yt3.ggpht.com/ytc/AKedOLQ2wVSTDOYKZ9Ka2BMzXwPeZO9t_toO7NUIPUdV=s88-c-k-c0x00ffffff-no-rj,
UCjI5qxhtyv3srhWr60HemRw,https://yt3.ggpht.com/ytc/AKedOLRUnid3bbqdUWBAJrrUaNayiQxrFhZyM0mNB1s1=s88-c-k-c0x00ffffff-no-rj,
UCUBsjvdHcwZd3ztdY1Zadcw,https://yt3.ggpht.com/ytc/AMLnZu9wAvvQ-1D-qkNwEP6qsQBDrYuepGB8djMYCDhjOQ=s88-c-k-c0x00ffffff-no-rj,
UC1GJ5aeqpEWklMBQ3oXrPQQ,https://yt3.ggpht.com/ytc/AKedOLQ4k606XJcUDN-mVtBuvV1DCudWndl3vD4IPw_LJA=s88-c-k-c0x00ffffff-no-rj,
